investigador_id,nombre_investigador,relacion,topico,evidencia,noticia_index
https://portalinvestigacion.uniovi.es/investigadores/217791/detalle,PEDRO LORCA FERNANDEZ,INVESTIGA_SOBRE,contabilidad de la Real Compañía Asturiana de Minas,"""La conservación de sus registros contables nos permite observar con gran detalle la realidad económica de una empresa pionera en pleno proceso de industrialización"".",1
https://portalinvestigacion.uniovi.es/investigadores/216887/detalle,JAVIER DE ANDRES SUAREZ,INVESTIGA_SOBRE,contabilidad de la Real Compañía Asturiana de Minas,"""Lo más llamativo es comprobar que, con un sistema contable aparentemente simple, la compañía era capaz de generar información suficiente para supervisar la actividad y rendir cuentas a sus propietarios"".",1
https://portalinvestigacion.uniovi.es/investigadores/216887/detalle,JAVIER DE ANDRES SUAREZ,INVESTIGA_SOBRE,contabilidad de la Real Compañía Asturiana de Minas,"""Los resultados muestran que la contabilidad estaba concebida principalmente como una herramienta de registro y control, más que como un instrumento para apoyar la toma de decisiones empresariales"".",1
https://portalinvestigacion.uniovi.es/investigadores/216887/detalle,JAVIER DE ANDRES SUAREZ,INVESTIGA_SOBRE,dificultades en la obtención de datos contables,"""Cabe destacar, por último, la enorme dificultad para obtener los datos del estudio, motivada principalmente por los cambios de estilos en la escritura caligráfica"".",1
https://portalinvestigacion.uniovi.es/investigadores/216887/detalle,JAVIER DE ANDRES SUAREZ,INVESTIGA_SOBRE,archivos empresariales privados del siglo XIX,"""Son muy escasos los archivos empresariales privados de la primera mitad del siglo XIX que se han conservado con este nivel de detalle"".",1
https://portalinvestigacion.uniovi.es/investigadores/217322/detalle,MARIA MARGARITA FERNANDEZ MIER,DESARROLLA,excavaciones arqueológicas,"Margarita Fernández Mier, investigadora principal del grupo.",3
https://portalinvestigacion.uniovi.es/investigadores/217322/detalle,MARIA MARGARITA FERNANDEZ MIER,INVESTIGA_SOBRE,historia de Cueiru,reconstruir la historia de este extraordinario lugar.,3
https://portalinvestigacion.uniovi.es/investigadores/217322/detalle,MARIA MARGARITA FERNANDEZ MIER,COLABORA_EN,proyecto ENCOMI,apoyo de la Agencia Estatal de Investigación (proyecto ENCOMI).,3
https://portalinvestigacion.uniovi.es/investigadores/217592/detalle,GABRIELA FERNANDEZ VIEJO,LIDERA,amortiguador geológico natural,"El trabajo ha sido desarrollado por seis investigadores del Departamento de Geología, liderados por los catedráticos Gabriela Fernández-Viejo.",5
https://portalinvestigacion.uniovi.es/investigadores/217761/detalle,CARLOS LOPEZ FERNANDEZ,COLABORA_EN,amortiguador geológico natural,"El estudio está firmado por los investigadores Carlos López-Fernández, Jorge Acevedo, Gabriela Fernández-Viejo, Sergio Llana-Fúnez, Miguel Gutiérrez-Medina y Juan Manuel González-Cortina.",5
https://portalinvestigacion.uniovi.es/investigadores/217738/detalle,SERGIO LLANA FUNEZ,LIDERA,amortiguador geológico natural,"El trabajo ha sido desarrollado por seis investigadores del Departamento de Geología, liderados por los catedráticos Sergio Llana-Fúnez.",5
https://portalinvestigacion.uniovi.es/investigadores/217636/detalle,JAVIER FERNANDEZ MENENDEZ,LIDERA,tesis doctoral,"La tesis doctoral de la investigadora Clara Ramón Álvarez, desarrollada en la Universidad de Oviedo, ha sido premiada.",6
https://portalinvestigacion.uniovi.es/investigadores/217085/detalle,FRANCISCO JAVIER CUEVAS MAESTRO,LIDERA,tesis doctoral,"El trabajo forma parte de un programa de investigación enfocado, coherente y de alto impacto, desarrollado durante el período de doctorado.",6
https://portalinvestigacion.uniovi.es/investigadores/217636/detalle,JAVIER FERNANDEZ MENENDEZ,LIDERA,tesis doctoral,Clara Ramón Álvarez agradece la implicación de sus directores y del Grupo de Física Experimental de Altas Energías del ICTEA.,6
https://portalinvestigacion.uniovi.es/investigadores/217085/detalle,FRANCISCO JAVIER CUEVAS MAESTRO,COLABORA_EN,CMS del Gran Colisionador de Hadrones,...complementado con una contribución muy destacada en responsabilidades dentro de la colaboración con el CMS del Gran Colisionador de Hadrones del CERN.,6
https://portalinvestigacion.uniovi.es/investigadores/217636/detalle,JAVIER FERNANDEZ MENENDEZ,COLABORA_EN,CMS del Gran Colisionador de Hadrones,...complementado con una contribución muy destacada en responsabilidades dentro de la colaboración con el CMS del Gran Colisionador de Hadrones del CERN.,6
https://portalinvestigacion.uniovi.es/investigadores/216978/detalle,JOSE ANTONIO CECCHINI ESTRADA,INVESTIGA_SOBRE,educación y actividad física,"su aportación al impulso de la investigación en actividad física, educación y medicina del deporte.",14
https://portalinvestigacion.uniovi.es/investigadores/218896/detalle,MIGUEL ENRIQUE DEL VALLE SOTO,INVESTIGA_SOBRE,medicina del deporte,"su aportación al impulso de la investigación en actividad física, educación y medicina del deporte.",14
https://portalinvestigacion.uniovi.es/investigadores/217029/detalle,ALBERTO FERNANDEZ COSTALES,COLABORA_EN,inteligencia artificial en la enseñanza de lenguas,El CIICEL 2026 nace con el objetivo de fortalecer la colaboración entre investigadores y docentes.,16
https://portalinvestigacion.uniovi.es/investigadores/219672/detalle,Borja Jiménez-Alfaro,COLABORA_EN,restauración ecológica,Investigadores de la Universidad de Oviedo han identificado varias especies de plantas nativas con un elevado potencial para la restauración ecológica de espacios urbanos degradados.,17
https://portalinvestigacion.uniovi.es/investigadores/2370717/detalle,EDUARDO FERNANDEZ ALONSO,COLABORA_EN,restauración basada en semillas,"Este estudio forma parte de una línea de investigación más amplia desarrollada por la Universidad de Oviedo sobre el uso de semillas nativas en conservación, restauración ecológica y renaturalización urbana.",17
https://portalinvestigacion.uniovi.es/investigadores/218353/detalle,ALFONSO CARLOS RODRIGUEZ FERNANDEZ-PEÑA,DESARROLLA,traducción audiovisual,DubbiOvi ha sido desarrollada por el profesor Alfonso Carlos Rodríguez Fernández-Peña.,18
https://portalinvestigacion.uniovi.es/investigadores/218353/detalle,ALFONSO CARLOS RODRIGUEZ FERNANDEZ-PEÑA,INVESTIGA_SOBRE,inteligencia artificial en traducción,incorpora inteligencia artificial para agilizar los procesos de traducción y adaptación de contenidos audiovisuales.,18
https://portalinvestigacion.uniovi.es/investigadores/218353/detalle,ALFONSO CARLOS RODRIGUEZ FERNANDEZ-PEÑA,COLABORA_EN,tecnologías del lenguaje,la plataforma constituye una herramienta de apoyo para proyectos de investigación relacionados con la traducción audiovisual.,18
https://portalinvestigacion.uniovi.es/investigadores/1010245/detalle,MARINA BARGON GARCIA,LIDERA,recuperación de vías de transporte históricas,dirigido por las profesoras Rita Ruiz Fernández y Marina Bargón García,21
https://portalinvestigacion.uniovi.es/investigadores/218311/detalle,PEDRO PLASENCIA LOZANO,LIDERA,recuperación de vías de transporte históricas,dirigido por las profesoras Rita Ruiz Fernández y Marina Bargón García,21
https://portalinvestigacion.uniovi.es/investigadores/217678/detalle,ANA CRISTINA LAHUERTA MARTINEZ,DESARROLLA,competencia intercultural,"la lección inaugural, titulada «Interculturalidad, plurilingüismo y comunicación multimodal», a cargo de Rosabel San Segundo Cachero, profesora del Área de Lengua Española del Departamento de Filología Española.",22
https://portalinvestigacion.uniovi.es/investigadores/2355302/detalle,NOEMI PINILLA ALONSO,COLABORA_EN,Divulgación científica,"Noemí Pinilla Alonso, investigadora ATRAE de la Universidad de Oviedo, propone que el asteroide lleve el nombre de Gonzálezalegre.",23
https://portalinvestigacion.uniovi.es/investigadores/217370/detalle,CARLOS GONZALEZ GUTIERREZ,DESARROLLA,herramientas tecnológicas,"...destaca el avance del Campus Digital Compartido, que continúa desarrollando herramientas tecnológicas comunes para las universidades del consorcio...",29
https://portalinvestigacion.uniovi.es/investigadores/1010415/detalle,SAUL SAL SARRIA,INVESTIGA_SOBRE,neurociencia de la toma de decisiones,"el artículo explora, desde la neurociencia de la toma de decisiones, por qué las sociedades tienen dificultades para reaccionar ante tecnologías con riesgos potencialmente existenciales.",30
https://portalinvestigacion.uniovi.es/investigadores/218344/detalle,MIGUEL ANGEL RODRIGUEZ DIAZ,INVESTIGA_SOBRE,neurociencia,otro artículo del investigador de la institución académica asturiana Miguel Ángel Rodríguez Rodríguez se ha situado entre los diez finalistas.,30
https://portalinvestigacion.uniovi.es/investigadores/217233/detalle,ANDRE CARRASCAL INCERA,COLABORA_EN,Cátedra de Innovación,"El director de la Cátedra de Innovación, Fernando Rubiera, y profesor de la universidad e investigador de la Cátedra André Carrascal han presentado el informe.",32
https://portalinvestigacion.uniovi.es/investigadores/219668/detalle,FERNANDO RUBIERA MOROLLON,COLABORA_EN,Cátedra de Innovación,"El director de la Cátedra de Innovación, Fernando Rubiera, y profesor de la universidad e investigador de la Cátedra André Carrascal han presentado el informe.",32
https://portalinvestigacion.uniovi.es/investigadores/217949/detalle,RUBEN MARTIN PAYO,LIDERA,LOT (Learning Outcomes Tool),"El primer puesto ha correspondido al proyecto LOT (Learning Outcomes Tool), que crea una herramienta para que el estudiantado evalúe su conocimiento de una materia.",34
https://portalinvestigacion.uniovi.es/investigadores/218575/detalle,MARIA JOSE SUAREZ FERNANDEZ,COLABORA_EN,DEVA – Desarrollo de videojuegos orientados al aprendizaje,El segundo ha distinguido a DEVA – Desarrollo de videojuegos orientados al aprendizaje en enseñanzas técnicas.,34
https://portalinvestigacion.uniovi.es/investigadores/217019/detalle,MARIA DEL MAR FERNANDEZ ALVAREZ,COLABORA_EN,Uso responsable de la inteligencia artificial,Un programa sobre el uso responsable y reflexivo de la inteligencia artificial en el aprendizaje universitario.,34
https://portalinvestigacion.uniovi.es/investigadores/217019/detalle,MARIA DEL MAR FERNANDEZ ALVAREZ,COLABORA_EN,Perspectiva de género en IA,Con especial atención al impacto de la IA en la autoestima del estudiantado y con perspectiva de género.,34
https://portalinvestigacion.uniovi.es/investigadores/1010304/detalle,PABLO GARCIA MARCOS,DESARROLLA,gestión energética,propuesta un nuevo modelo de gestión energética para edificios residenciales que optimiza el consumo eléctrico a nivel comunitario.,40
https://portalinvestigacion.uniovi.es/investigadores/217898/detalle,MANUEL HERNANDEZ MUÑIZ,COLABORA_EN,exposición sobre análisis input-output,"Manuel Hernández Muñiz, ... a cargo de profesores de la Facultad.",41
https://portalinvestigacion.uniovi.es/investigadores/219168/detalle,ESTEBAN FERNANDEZ VAZQUEZ,COLABORA_EN,exposición sobre análisis input-output,"Esteban Fernández Vázquez, ... a cargo de profesores de la Facultad.",41
https://portalinvestigacion.uniovi.es/investigadores/217233/detalle,ANDRE CARRASCAL INCERA,COLABORA_EN,exposición sobre análisis input-output,"André Carrascal Incera, ... a cargo de profesores de la Facultad.",41
https://portalinvestigacion.uniovi.es/investigadores/218037/detalle,MARIA DEL CARMEN RAMOS CARVAJAL,COLABORA_EN,exposición sobre análisis input-output,"María del Carmen Ramos Carbajal, ... a cargo de profesores de la Facultad.",41
https://portalinvestigacion.uniovi.es/investigadores/217196/detalle,FRANCISCO JAVIER DE COS JUEZ,INVESTIGA_SOBRE,eclipse solar,...artículos de los investigadores Javier de Cos... sobre qué vamos a ver el 12 de agosto y la explicación científica del fenómeno.,42
https://portalinvestigacion.uniovi.es/investigadores/217196/detalle,FRANCISCO JAVIER DE COS JUEZ,COLABORA_EN,guía divulgativa sobre el eclipse,...la completa con dos artículos de los investigadores Javier de Cos...,42
https://portalinvestigacion.uniovi.es/investigadores/217775/detalle,ALFONSO JOAQUIN LOPEZ MUÑIZ,DESARROLLA,ciencia y tecnología,"la conferencia “Pasaporte al futuro: la gran aventura de la ciencia y la tecnología”, impartida por Amador Menéndez Velázquez, licenciado y doctor en Química por la Universidad de Oviedo, Socio de Honor de Compromiso Asturias (2013), investigador y divulgador científico de IDONIAL.",45
https://portalinvestigacion.uniovi.es/investigadores/217666/detalle,ENOL JUNQUERA ALVAREZ,LIDERA,Estadística e Investigación Operativa,"Pedro Ouro, ... obtiene tres de los principales galardones del encuentro.",46
https://portalinvestigacion.uniovi.es/investigadores/2373266/detalle,SWAN SADITH PACHECO DIAZ,LIDERA,Ciencias de la Educación,"Swan Pacheco Díaz, premio compartido con Carlos Martínez Andreu.",46
https://portalinvestigacion.uniovi.es/investigadores/2355302/detalle,NOEMI PINILLA ALONSO,INVESTIGA_SOBRE,asteroides metálicos,"""La colaboración con Light Bridges para estudiar los asteroides metálicos en apoyo de la misión Psyche comenzó en el año 2022"".",48
https://portalinvestigacion.uniovi.es/investigadores/2355302/detalle,NOEMI PINILLA ALONSO,LIDERA,proyecto R2,"""Noemí Pinilla-Alonso, coautora del estudio e investigadora principal del proyecto R2.""",48
https://portalinvestigacion.uniovi.es/investigadores/1931689/detalle,ANGEL BERNARDO GUTIERREZ,INVESTIGA_SOBRE,hemofilia,"la tesis del doctor Ángel Bernardo Gutiérrez, titulada Avanzando en el conocimiento de la intersección entre hemostasia, inmunidad e inflamación.",49
https://portalinvestigacion.uniovi.es/investigadores/2456580/detalle,FRANCESCO DAL SANTO,INVESTIGA_SOBRE,esquizofrenia,el premio ha recaído en el doctor Francesco Dal Santo por la tesis Análisis de redes de las dimensiones psicopatológicas de la esquizofrenia.,49
https://portalinvestigacion.uniovi.es/investigadores/218988/detalle,NOELIA BLANCO AGUDIN,INVESTIGA_SOBRE,queratitis bacteriana,"la tesis de la doctora Noelia Blanco Agudín, titulada La comunicación intercelular mediada por vesículas extracelulares en un modelo de queratitis bacteriana.",49
https://portalinvestigacion.uniovi.es/investigadores/217884/detalle,LAURA GUTIERREZ GUTIERREZ,LIDERA,hemofilia,dirigida por la doctora Laura Gutiérrez Gutiérrez.,49
https://portalinvestigacion.uniovi.es/investigadores/217752/detalle,FERNANDO LOPEZ ALVAREZ,LIDERA,esquizofrenia,dirigida por la profesora María Paz García-Portilla González y el profesor Julio Bobes García.,49
https://portalinvestigacion.uniovi.es/investigadores/218034/detalle,LUIS MANUEL QUIROS FERNANDEZ,LIDERA,biomarcadores en tumores,dirigida por el profesor Fernando López Álvarez y el doctor Mario A. Hermsen.,49
https://portalinvestigacion.uniovi.es/investigadores/218241/detalle,JESUS MANUEL MERAYO LLOVES,LIDERA,biomarcadores en tumores,dirigida por el profesor Fernando López Álvarez y el doctor Mario A. Hermsen.,49
https://portalinvestigacion.uniovi.es/investigadores/217393/detalle,AURELIO ANTONIO GONZALEZ OVIES,INVESTIGA_SOBRE,poesía,"Aurelio González Ovies, profesor de Filología Latina de la Universidad de Oviedo desde 1988, es uno de los poetas asturianos más reconocidos de su generación y autor de una amplia obra literaria que abarca poesía, prosa poética y literatura infantil y juvenil.",54
https://portalinvestigacion.uniovi.es/investigadores/219672/detalle,Borja Jiménez-Alfaro,LIDERA,germinación de especies alpinas,"El estudio plantea que, en escenarios caracterizados por inviernos más cálidos...",58
https://portalinvestigacion.uniovi.es/investigadores/218042/detalle,JULIO RAUL OGAS JOFRE,LIDERA,Jazz,"Nuria Becerra, directora de Oviedo Jazz Europa.",59
https://portalinvestigacion.uniovi.es/investigadores/218668/detalle,MARIA NIEVES ROQUEÑI GUTIERREZ,COLABORA_EN,Música,"Iván Iglesias, de la Universidad de Valladolid.",59
https://portalinvestigacion.uniovi.es/investigadores/217011/detalle,MARIA ESTRELLA FERNANDEZ ALBA,COLABORA_EN,Música,"María Estrella Fernández Alba, parte de un grupo de especialistas.",59
https://portalinvestigacion.uniovi.es/investigadores/218042/detalle,JULIO RAUL OGAS JOFRE,INVESTIGA_SOBRE,Jazz,"Ariel Brínguez, saxofonista y compositor.",59
https://portalinvestigacion.uniovi.es/investigadores/220058/detalle,IVAN IGLESIAS IGLESIAS,COLABORA_EN,Música,"Iván Iglesias, de la Universidad de Valladolid.",59
https://portalinvestigacion.uniovi.es/investigadores/217293/detalle,ANDRES ARIAS RODRIGUEZ,COLABORA_EN,sostenibilidad y biodiversidad,"La propuesta, impulsada por la Facultad de Biología y el Departamento de Biología de Organismos y Sistemas, tiene una clara vocación transversal.",64
https://portalinvestigacion.uniovi.es/investigadores/216756/detalle,ANA ALONSO GARCIA,COLABORA_EN,Ingeniería Sin Fronteras,"...una cantidad que donará a la ONG Ingeniería Sin Fronteras, organización con la que ha colaborado en los últimos 4 años.",67
https://portalinvestigacion.uniovi.es/investigadores/217053/detalle,MIGUEL FERNANDEZ GARCIA,LIDERA,innovación docente,Responsable: Julia Mª Martínez-Lombó Testa. Institución: Universidad de Oviedo.,68
https://portalinvestigacion.uniovi.es/investigadores/219111/detalle,ANDREA FERNANDEZ GARCIA,LIDERA,innovación docente,Responsable: Gonzalo Llamedo Pandiella. Institución: Universidad de Oviedo.,68
https://portalinvestigacion.uniovi.es/investigadores/217181/detalle,MARIA ISABEL FERNANDEZ QUESADA,LIDERA,innovación docente,Responsable: Marlén Alonso Castaño y Luis José Rodríguez Muñiz. Institución: Universidad de Oviedo.,68
https://portalinvestigacion.uniovi.es/investigadores/217181/detalle,MARIA ISABEL FERNANDEZ QUESADA,LIDERA,innovación docente,Responsable: Carmen María Fernández García y Susana Torío López. Institución: Universidad de Oviedo.,68
https://portalinvestigacion.uniovi.es/investigadores/217181/detalle,MARIA ISABEL FERNANDEZ QUESADA,LIDERA,innovación docente,Responsable: Carmen María Fernández García y Susana Torío López. Institución: Universidad de Oviedo.,68
https://portalinvestigacion.uniovi.es/investigadores/217181/detalle,MARIA ISABEL FERNANDEZ QUESADA,LIDERA,innovación docente,Responsable: Carmen María Fernández García y Susana Torío López. Institución: Universidad de Oviedo.,68
https://portalinvestigacion.uniovi.es/investigadores/217181/detalle,MARIA ISABEL FERNANDEZ QUESADA,LIDERA,innovación docente,Responsable: Carmen María Fernández García y Susana Torío López. Institución: Universidad de Oviedo.,68
https://portalinvestigacion.uniovi.es/investigadores/217181/detalle,MARIA ISABEL FERNANDEZ QUESADA,LIDERA,innovación docente,Responsable: Carmen María Fernández García y Susana Torío López. Institución: Universidad de Oviedo.,68
https://portalinvestigacion.uniovi.es/investigadores/217181/detalle,MARIA ISABEL FERNANDEZ QUESADA,LIDERA,innovación docente,Responsable: Carmen María Fernández García y Susana Torío López. Institución: Universidad de Oviedo.,68
https://portalinvestigacion.uniovi.es/investigadores/217181/detalle,MARIA ISABEL FERNANDEZ QUESADA,LIDERA,innovación docente,Responsable: Carmen María Fernández García y Susana Torío López. Institución: Universidad de Oviedo.,68
https://portalinvestigacion.uniovi.es/investigadores/218344/detalle,MIGUEL ANGEL RODRIGUEZ DIAZ,LIDERA,rasgos psicológicos de atletas de ultrarresistencia,una revisión sistemática y metaanálisis liderada por investigadores de la Universidad de Oviedo ha analizado la evidencia científica disponible sobre los rasgos psicológicos de los atletas de ultrarresistencia.,69
https://portalinvestigacion.uniovi.es/investigadores/218048/detalle,HUGO OLMEDILLAS FERNANDEZ,INVESTIGA_SOBRE,dependencia al ejercicio,"Hugo Olmedillas, investigador responsable, explica que 'cerca del 9% presenta riesgo de dependencia al ejercicio'.",69
https://portalinvestigacion.uniovi.es/investigadores/220120/detalle,MARIA TERESA ALONSO MORO,DESARROLLA,energías renovables,"valora su contribución a la divulgación, la formación y la generación de conocimiento en torno a las energías renovables y la transición energética.",70
https://portalinvestigacion.uniovi.es/investigadores/216944/detalle,ANA ISABEL ALVAREZ GONZALEZ,LIDERA,alianza INGENIUM,"Ana Isabel Álvarez González, profesora del Departamento de Filología Inglesa de la Universidad de Oviedo, recibe el reconocimiento por los servicios prestados como directora de INGENIUM.",71
https://portalinvestigacion.uniovi.es/investigadores/218457/detalle,ANA SUAREZ ALVAREZ,INVESTIGA_SOBRE,Economía,Ana Suárez Álvarez es mencionada en el contexto de la Olimpiada de Economía.,72
https://portalinvestigacion.uniovi.es/investigadores/219256/detalle,ALVARO POSTIGO GUTIERREZ,COLABORA_EN,Inteligencia Artificial en la educación,"...la aplicación de la Inteligencia Artificial en la educación superior, uno de los grandes retos y oportunidades del sistema universitario.",73
https://portalinvestigacion.uniovi.es/investigadores/218363/detalle,FERMIN RODRIGUEZ GUTIERREZ,COLABORA_EN,relación con la industria,ha señalado que su principal tarea consistió en consolidar la programación e incrementar la participación de la sociedad avilesina.,74
https://portalinvestigacion.uniovi.es/investigadores/217949/detalle,RUBEN MARTIN PAYO,COLABORA_EN,Noche Europea de los Investigadores,ha mencionado la Noche Europea de los Investigadores y las Investigadoras que se celebra en el mes de septiembre.,74
https://portalinvestigacion.uniovi.es/investigadores/217502/detalle,LUZ MAR GONZALEZ ARIAS,INVESTIGA_SOBRE,programación cultural,también ha querido hablar de futuro y de las propuestas para seguir potenciando el papel de CSU como un centro de referencia.,74
https://portalinvestigacion.uniovi.es/investigadores/217047/detalle,CARMEN MARIA FERNANDEZ GARCIA,INVESTIGA_SOBRE,música y cortisol en pacientes críticos,El estudio revisa ensayos clínicos sobre el efecto de la música en pacientes ingresados en la UCI asistidos con ventilación mecánica.,79
https://portalinvestigacion.uniovi.es/investigadores/217867/detalle,MARIA DEL PILAR MOSTEIRO DIAZ,INVESTIGA_SOBRE,música y cortisol en pacientes críticos,El estudio revisa ensayos clínicos sobre el efecto de la música en pacientes ingresados en la UCI asistidos con ventilación mecánica.,79
https://portalinvestigacion.uniovi.es/investigadores/216842/detalle,YAISEL JUAN BORRELL PICHS,LIDERA,impacto de contaminantes emergentes en ecosistemas marinos,El equipo de investigación ARENA (Aula de Recursos Naturales) de la Universidad de Oviedo lidera el proyecto BIOACUMAR.,84
https://portalinvestigacion.uniovi.es/investigadores/219703/detalle,LAURA MIRALLES LOPEZ,COLABORA_EN,impacto de contaminantes emergentes en ecosistemas marinos,Mencionada como parte del equipo de investigación que lidera el proyecto BIOACUMAR.,84
https://portalinvestigacion.uniovi.es/investigadores/2370664/detalle,SARA FERNANDEZ GARCIA,COLABORA_EN,impacto de contaminantes emergentes en ecosistemas marinos,Mencionada como parte del equipo de investigación que lidera el proyecto BIOACUMAR.,84
https://portalinvestigacion.uniovi.es/investigadores/218138/detalle,MARIA TRINIDAD PEREZ MENDEZ,COLABORA_EN,impacto de contaminantes emergentes en ecosistemas marinos,Mencionada como parte del equipo de investigación que lidera el proyecto BIOACUMAR.,84
https://portalinvestigacion.uniovi.es/investigadores/2355302/detalle,NOEMI PINILLA ALONSO,LIDERA,divulgación científica sobre eclipses,La campaña divulgativa en redes sociales protagonizada por investigadores e investigadoras del Instituto de Ciencias y Tecnologías Espaciales de Asturias (ICTEA)...,85
https://portalinvestigacion.uniovi.es/investigadores/2355302/detalle,NOEMI PINILLA ALONSO,INVESTIGA_SOBRE,eclipses solares,...quienes responderán de forma clara y accesible a algunas de las preguntas más frecuentes sobre este fenómeno astronómico.,85
https://portalinvestigacion.uniovi.es/investigadores/2355302/detalle,NOEMI PINILLA ALONSO,COLABORA_EN,ciclo divulgativo sobre el eclipse,"...la universidad organiza también el ciclo divulgativo El eclipse antes del eclipse, una programación gratuita y abierta a la ciudadanía...",85
https://portalinvestigacion.uniovi.es/investigadores/219653/detalle,RUBEN USAMENTIAGA FERNANDEZ,LIDERA,Cátedra Gonvarri Metal Structures R&D,"el director de la cátedra, Rubén Usamentiaga Fernández, ha señalado que 'los primeros pasos de la colaboración se centrarán en la puesta en marcha de actividades de investigación y formación'.",86
https://portalinvestigacion.uniovi.es/investigadores/219653/detalle,RUBEN USAMENTIAGA FERNANDEZ,DESARROLLA,tecnologías aplicadas al ámbito industrial,se centrarán en la puesta en marcha de actividades de investigación y formación vinculadas a tecnologías aplicadas al ámbito industrial.,86
https://portalinvestigacion.uniovi.es/investigadores/219653/detalle,RUBEN USAMENTIAGA FERNANDEZ,COLABORA_EN,entorno experimental en la Escuela Politécnica de Ingeniería de Gijón,desarrollo de un entorno experimental en la Escuela Politécnica de Ingeniería de Gijón para el estudio y análisis de herramientas basadas en visión artificial.,86
https://portalinvestigacion.uniovi.es/investigadores/218334/detalle,ANA MARIA RODRIGUEZ ALVAREZ,INVESTIGA_SOBRE,bono social eléctrico,"El estudio se ha publicado en la revista Energy Economics, de gran impacto en su área del conocimiento.",92
https://portalinvestigacion.uniovi.es/investigadores/219985/detalle,MANUEL LLORCA RIEGO,INVESTIGA_SOBRE,bono social eléctrico,Nuestro trabajo sugiere que algunos hogares vulnerables podrían enfrentarse a limitaciones estructurales que dificultan que la ayuda se traduzca en mejoras significativas de su situación energética.,92
https://portalinvestigacion.uniovi.es/investigadores/2370717/detalle,EDUARDO FERNANDEZ ALONSO,INVESTIGA_SOBRE,germinación de semillas,El estudio revela que las plantas ajustan el momento de germinación de sus semillas en función del entorno.,94
https://portalinvestigacion.uniovi.es/investigadores/2370717/detalle,EDUARDO FERNANDEZ ALONSO,COLABORA_EN,SeedArc,Este estudio es uno de los primeros análisis realizados con la base de datos global SeedArc.,94
https://portalinvestigacion.uniovi.es/investigadores/2370717/detalle,EDUARDO FERNANDEZ ALONSO,LIDERA,investigación sobre regeneración vegetal,Fernández Pascual ha participado en una carta abierta en la que se alerta de que los procesos de regeneración de las plantas están siendo sistemáticamente ignorados.,94
https://portalinvestigacion.uniovi.es/investigadores/217320/detalle,MIGUEL CALLEJA PUERTA,COLABORA_EN,Historia,Mencionado como especialista en Historia que participa en la exposición sobre el eclipse solar.,100
https://portalinvestigacion.uniovi.es/investigadores/216929/detalle,DAVID ALVAREZ FERNANDEZ,COLABORA_EN,Biología de Organismos y Sistemas,Mencionado como especialista en Biología de Organismos y Sistemas que participa en la exposición sobre el eclipse solar.,100
https://portalinvestigacion.uniovi.es/investigadores/1301842/detalle,SANDRA VILLAR CONDE,COLABORA_EN,Morfología y Biología Celular,Mencionada como especialista en Morfología y Biología Celular que participa en la exposición sobre el eclipse solar.,100
https://portalinvestigacion.uniovi.es/investigadores/217123/detalle,ELENA DIAZ RODRIGUEZ,COLABORA_EN,Biología Funcional,Mencionada como especialista en Biología Funcional que participa en la exposición sobre el eclipse solar.,100
https://portalinvestigacion.uniovi.es/investigadores/218506/detalle,JAVIER VERDEJO MANCHADO,COLABORA_EN,Filología Clásica y Románica,Mencionado como especialista en Filología Clásica y Románica que participa en la exposición sobre el eclipse solar.,100
https://portalinvestigacion.uniovi.es/investigadores/220197/detalle,Manuel García Díaz,COLABORA_EN,Energía,Mencionado como especialista en Energía que participa en la exposición sobre el eclipse solar.,100
https://portalinvestigacion.uniovi.es/investigadores/219634/detalle,JOSE RANILLA PASTOR,COLABORA_EN,tecnologías cuánticas,"José Ranilla, responsable de Quantum and High Performance Computing de la Universidad de Oviedo, subraya el papel que tendrá en la promoción de una colaboración abierta entre la comunidad investigadora y las empresas.",101
https://portalinvestigacion.uniovi.es/investigadores/219634/detalle,JOSE RANILLA PASTOR,DESARROLLA,tecnologías cuánticas,"facilita el desarrollo de proyectos conjuntos, la generación de nuevo conocimiento y la captación de financiación para el desarrollo y aplicación de las tecnologías cuánticas.",101
https://portalinvestigacion.uniovi.es/investigadores/219634/detalle,JOSE RANILLA PASTOR,INVESTIGA_SOBRE,tecnologías cuánticas,Quantum Asturias nace también con vocación hacia la educación y la investigación en tecnologías cuánticas.,101
https://portalinvestigacion.uniovi.es/investigadores/217883/detalle,JOSE AVELINO GUTIERREZ GONZALEZ,LIDERA,investigación histórica y científica,El grupo Arqueos ha realizado el trabajo de campo y liderado la investigación histórica y científica.,107
https://portalinvestigacion.uniovi.es/investigadores/217772/detalle,BELEN LOPEZ MARTINEZ,COLABORA_EN,identificación de cuerpos,Su contribución ha aportado un rigor científico al trabajo con el que se ha conseguido identificar a cinco de los seis cuerpos recuperados.,107
https://portalinvestigacion.uniovi.es/investigadores/218262/detalle,JOSE MANUEL MONTEJO BERNARDO,COLABORA_EN,divulgación científica,"Se cuenta con la colaboración de Jose Montejo, Covadonga Huidobro y Alfonso Fernández.",108
https://portalinvestigacion.uniovi.es/investigadores/217998/detalle,COVADONGA HUIDOBRO FERNANDEZ,COLABORA_EN,divulgación científica,"Se cuenta con la colaboración de Jose Montejo, Covadonga Huidobro y Alfonso Fernández.",108
https://portalinvestigacion.uniovi.es/investigadores/217058/detalle,ALFONSO FERNANDEZ GONZALEZ,COLABORA_EN,divulgación científica,"Se cuenta con la colaboración de Jose Montejo, Covadonga Huidobro y Alfonso Fernández.",108
https://portalinvestigacion.uniovi.es/investigadores/2500137/detalle,MARINA DADER SUAREZ,INVESTIGA_SOBRE,inteligencia artificial,su intención es continuar desarrollando su trayectoria en el ámbito de la investigación en inteligencia artificial,113
https://portalinvestigacion.uniovi.es/investigadores/217113/detalle,JUAN DIAZ GONZALEZ,DESARROLLA,inteligencia artificial,Es un laboratorio vivo donde ensayamos las tecnologías que harán posible operar redes más renovables.,114
https://portalinvestigacion.uniovi.es/investigadores/216900/detalle,PABLO ARBOLEYA ARBOLEYA,LIDERA,gestión de red del siglo XXI,la expresión física de cómo entendemos la gestión de red del siglo XXI.,114
https://portalinvestigacion.uniovi.es/investigadores/219672/detalle,Borja Jiménez-Alfaro,INVESTIGA_SOBRE,conservación de ecosistemas,Jiménez-Alfaro explica que el enfoque se basa en el concepto de regionalización utilizado anteriormente en las iniciativas de conservación de Australia.,117
https://portalinvestigacion.uniovi.es/investigadores/219672/detalle,Borja Jiménez-Alfaro,DESARROLLA,nuevo enfoque para conservación de ecosistemas,"El Laboratorio de Vegetación y Biodiversidad, coordinado por Borja Jiménez-Alfaro... ha desarrollado un nuevo enfoque para hacer frente a la conservación de los ecosistemas terrestres.",117
https://portalinvestigacion.uniovi.es/investigadores/219672/detalle,Borja Jiménez-Alfaro,LIDERA,estudio sobre hábitats ibero-atlánticos,El estudio liderado por investigadores del Laboratorio de Vegetación y Biodiversidad ha sido publicado en la revista ‘Applied Vegetation Science’.,117
https://portalinvestigacion.uniovi.es/investigadores/217093/detalle,FRANCISCO JOSE DELGADO RIVERO,DESARROLLA,análisis y evaluación de políticas públicas,“la cátedra desarrollará en los próximos meses actividades tales como una jornada sobre la reforma del sistema de financiación autonómica”.,118
https://portalinvestigacion.uniovi.es/investigadores/217723/detalle,ELENA LASARTE NAVAMUEL,COLABORA_EN,despoblamiento,"Elena Lasarte, profesora de Economía Aplicada y coordinadora de REGIOlab en la Universidad de Oviedo.",120
https://portalinvestigacion.uniovi.es/investigadores/219106/detalle,FERNANDO COLLANTES GUTIERREZ,INVESTIGA_SOBRE,despoblamiento,"conferencia '¿Lugares que no importan? La despoblación rural en su perspectiva histórica', impartida por Fernando Collantes.",120
https://portalinvestigacion.uniovi.es/investigadores/218285/detalle,VICTOR MANUEL MEANA DIAZ,COLABORA_EN,Calidad en la Fabricación Aditiva,"Este curso versará sobre la Calidad en la Fabricación Aditiva, área de especialización y reconocido prestigio del grupo de investigación al que pertenecen los profesores de UniOvi participantes el proyecto TEDI.",123
https://portalinvestigacion.uniovi.es/investigadores/216776/detalle,BRAULIO JOSE ALVAREZ ALVAREZ,COLABORA_EN,Calidad en la Fabricación Aditiva,"Este curso versará sobre la Calidad en la Fabricación Aditiva, área de especialización y reconocido prestigio del grupo de investigación al que pertenecen los profesores de UniOvi participantes el proyecto TEDI.",123
https://portalinvestigacion.uniovi.es/investigadores/216748/detalle,SUSANA AL-HALABI DIAZ,LIDERA,prevención de la conducta suicida,Susana Al-Halabí culmina su Beca Leonardo con un proyecto de investigación sobre la prevención de la conducta suicida en las aulas asturianas.,124
https://portalinvestigacion.uniovi.es/investigadores/1380611/detalle,ADRIANA DIEZ GOMEZ DEL CASAL,COLABORA_EN,prevención de la conducta suicida,La supervisión del programa fue realizada por esta profesora junto a Adriana Díez Gómez del Casal.,124
https://portalinvestigacion.uniovi.es/investigadores/220163/detalle,VICTOR MARTINEZ LOREDO,COLABORA_EN,análisis estadístico,"Los profesores José Errasti y Víctor Martínez-Loredo, del Departamento de Psicología de la Universidad de Oviedo, participaron en el proyecto aportando asesoramiento científico y apoyo en el análisis estadístico de los datos.",124
https://portalinvestigacion.uniovi.es/investigadores/217162/detalle,JOSE MANUEL ERRASTI PEREZ,COLABORA_EN,prevención de la conducta suicida,José Manuel Erasti Pérez es mencionado como parte del grupo de investigación en prevención y salud mental.,124
https://portalinvestigacion.uniovi.es/investigadores/217118/detalle,CECILIA DIAZ MENDEZ,COLABORA_EN,Sociología de la Alimentación,Cecilia Díaz Méndez... firman un capítulo del ‘II Informe Ecosocial sobre calidad de vida en España’.,127
https://portalinvestigacion.uniovi.es/investigadores/220100/detalle,SONIA OTERO ESTEVEZ,COLABORA_EN,Sociología de la Alimentación,Sonia Otero Estévez... firman un capítulo del ‘II Informe Ecosocial sobre calidad de vida en España’.,127
https://portalinvestigacion.uniovi.es/investigadores/217576/detalle,MARIA ISABEL GARCIA ESPEJO,COLABORA_EN,Sociología de la Alimentación,María Isabel García Espejo... firman un capítulo del ‘II Informe Ecosocial sobre calidad de vida en España’.,127
https://portalinvestigacion.uniovi.es/investigadores/217196/detalle,FRANCISCO JAVIER DE COS JUEZ,INVESTIGA_SOBRE,eclipse solar,ofrecerá una explicación detallada del fenómeno astronómico y de las claves para su correcta observación.,128
https://portalinvestigacion.uniovi.es/investigadores/1010273/detalle,IRENE DIAZ MARTINEZ,INVESTIGA_SOBRE,eclipse solar,"incide en la importancia de la divulgación científica: 'Queremos que la gente no solo observe el eclipse, sino que lo haga con conocimiento'.",128
https://portalinvestigacion.uniovi.es/investigadores/2354774/detalle,RAMON SOBRINO CORTIZO,LIDERA,Festival Universitario de Música,"...Ramón Sobrino, catedrático de Musicología y director del ciclo...",137
https://portalinvestigacion.uniovi.es/investigadores/219637/detalle,MARIA SANHUESA FONSECA,COLABORA_EN,Concierto de órgano,...con la colaboración de María Sanhuesa Fonseca. Iglesia de Santa María la Real de La Corte.,137
https://portalinvestigacion.uniovi.es/investigadores/218442/detalle,RAMON SOBRINO SANCHEZ,COLABORA_EN,Festival Universitario de Música,"...Ramón Sobrino, catedrático de Musicología y director del festival.",137
https://portalinvestigacion.uniovi.es/investigadores/217791/detalle,PEDRO LORCA FERNANDEZ,INVESTIGA_SOBRE,divulgación ambiental,"Pedro Lorca Fernández, también investigador de la universidad asturiana.",140
https://portalinvestigacion.uniovi.es/investigadores/216887/detalle,JAVIER DE ANDRES SUAREZ,INVESTIGA_SOBRE,divulgación ambiental,"Javier de Andrés Suárez, investigador de la universidad asturiana y también firmante del trabajo.",140
https://portalinvestigacion.uniovi.es/investigadores/1116426/detalle,JOSE ANTONIO FERNANDEZ ALVAREZ,COLABORA_EN,sistemas híbridos de energía solar y nucleares,"Esta colaboración internacional, en la que participa la Universidad de Oviedo, pretende dar solución a los problemas de suministro de energía a los que se enfrentan las misiones en entornos extremos.",142
https://portalinvestigacion.uniovi.es/investigadores/217321/detalle,PABLO FERNANDEZ MIAJA,DESARROLLA,sistemas de energía híbridos RTG-solar,Estamos combinando lo mejor de cada tecnología para asegurar que las misiones puedan operar durante más tiempo y en condiciones mucho más exigentes.,142
https://portalinvestigacion.uniovi.es/investigadores/217928/detalle,JUAN MANUEL MARCHANTE GAYON,LIDERA,contratos predoctorales,"“Esta iniciativa permitirá la incorporación de nuevos investigadores e investigadoras en formación, que desarrollarán sus tesis doctorales en el seno de la institución durante cuatro años.”",144
https://portalinvestigacion.uniovi.es/investigadores/1010280/detalle,LUCIA FERNANDEZ ARCE,INVESTIGA_SOBRE,consumo de bebidas azucaradas,El trabajo evidencia que el consumo de este tipo de productos no se limita a momentos puntuales.,147
https://portalinvestigacion.uniovi.es/investigadores/1010280/detalle,LUCIA FERNANDEZ ARCE,LIDERA,Proyecto BREDA,"El reciente estudio realizado por la Cátedra de Salud Comunitaria y Promoción de la Salud (ProSA) con 1.250 estudiantes de ESO y Bachiller de Asturias, denominado Proyecto BREDA.",147
https://portalinvestigacion.uniovi.es/investigadores/217019/detalle,MARIA DEL MAR FERNANDEZ ALVAREZ,INVESTIGA_SOBRE,consumo de bebidas azucaradas,El trabajo evidencia que el consumo de este tipo de productos no se limita a momentos puntuales.,147
https://portalinvestigacion.uniovi.es/investigadores/217019/detalle,MARIA DEL MAR FERNANDEZ ALVAREZ,LIDERA,Proyecto BREDA,"El reciente estudio realizado por la Cátedra de Salud Comunitaria y Promoción de la Salud (ProSA) con 1.250 estudiantes de ESO y Bachiller de Asturias, denominado Proyecto BREDA.",147
https://portalinvestigacion.uniovi.es/investigadores/217949/detalle,RUBEN MARTIN PAYO,INVESTIGA_SOBRE,consumo de bebidas azucaradas,El trabajo evidencia que el consumo de este tipo de productos no se limita a momentos puntuales.,147
https://portalinvestigacion.uniovi.es/investigadores/217949/detalle,RUBEN MARTIN PAYO,LIDERA,Proyecto BREDA,"El reciente estudio realizado por la Cátedra de Salud Comunitaria y Promoción de la Salud (ProSA) con 1.250 estudiantes de ESO y Bachiller de Asturias, denominado Proyecto BREDA.",147
https://portalinvestigacion.uniovi.es/investigadores/218756/detalle,NEREA LOPEZ BOUZAS,INVESTIGA_SOBRE,alfabetización mediática y científica,"""la difusión de información científica en redes sociales y medios digitales exige reforzar la alfabetización mediática y científica del alumnado"".",153
https://portalinvestigacion.uniovi.es/investigadores/219556/detalle,MARIA CARMEN BELLVER MORENO,INVESTIGA_SOBRE,estrategias de enseñanza en ciencias,"""los resultados ponen de manifiesto la importancia de incorporar en la enseñanza de las ciencias estrategias que ayuden al alumnado a analizar críticamente la información"".",153
https://portalinvestigacion.uniovi.es/investigadores/217246/detalle,JONATHAN CASTAÑEDA FERNANDEZ,INVESTIGA_SOBRE,pensamiento crítico,"""los resultados muestran que muchos estudiantes no disponen de un criterio sólido para determinar si una noticia científica es verdadera o falsa"".",153
https://portalinvestigacion.uniovi.es/investigadores/218786/detalle,MARIA GARCIA FERNANDEZ,COLABORA_EN,tabaquismo en personas con discapacidad intelectual,"""la investigadora de la Universidad de Oviedo Amalia Udeanu, cofirmante de los estudios"".",156
https://portalinvestigacion.uniovi.es/investigadores/218447/detalle,PATRICIA SOLIS GARCIA,COLABORA_EN,tabaquismo en personas con discapacidad intelectual,"""los autores subrayan la necesidad de garantizar que los programas de prevención y tratamiento en el ámbito de las adicciones sean accesibles para todas las personas"".",156
https://portalinvestigacion.uniovi.es/investigadores/218643/detalle,CELESTINO RODRIGUEZ PEREZ,LIDERA,dificultades de aprendizaje,"El profesor Celestino Rodríguez, que recogió el premio, ha destacado que 'este reconocimiento pone en valor la importancia de investigar cómo aprenden los estudiantes con dificultades'.",158
https://portalinvestigacion.uniovi.es/investigadores/218643/detalle,CELESTINO RODRIGUEZ PEREZ,INVESTIGA_SOBRE,autoeficacia académica y aprendizaje autorregulado,El trabajo premiado se centra en estudiantes universitarios con dificultades específicas de aprendizaje y/o TDAH.,158
https://portalinvestigacion.uniovi.es/investigadores/218643/detalle,CELESTINO RODRIGUEZ PEREZ,DESARROLLA,éxito académico,"El trabajo galardonado, titulado The Mediating Role of Academic Self-Efficacy and Self-Regulated Learning on Academic Success Among Higher Education Students SLD or ADHD.",158
https://portalinvestigacion.uniovi.es/investigadores/217966/detalle,ALBA GONZALEZ DE LA ROZ,LIDERA,Aurora de Albornoz,Begoña Camblor Pandiella... ha sido las promotoras de este centenario.,163
https://portalinvestigacion.uniovi.es/investigadores/219833/detalle,ALBA GONZALEZ SANZ,LIDERA,Aurora de Albornoz,Alba González Sanz... ha sido las promotoras de este centenario.,163
https://portalinvestigacion.uniovi.es/investigadores/218896/detalle,MIGUEL ENRIQUE DEL VALLE SOTO,INVESTIGA_SOBRE,ejercicio físico en adolescentes con cáncer,"El trabajo, titulado Efectos del ejercicio físico supervisado sobre la función cardíaca y la capacidad funcional en adolescentes con cáncer durante el tratamiento intensivo.",164
https://portalinvestigacion.uniovi.es/investigadores/218896/detalle,MIGUEL ENRIQUE DEL VALLE SOTO,DESARROLLA,ejercicio multicomponente individualizado,"Los investigadores evaluaron la función cardíaca mediante ecocardiografía, además de otros muchos parámetros.",164
https://portalinvestigacion.uniovi.es/investigadores/2355544/detalle,CLAUDIA GARCIA GONZALEZ,DESARROLLA,prótesis impresas en 3D,"""Diseñamos las prótesis a medida, para cubrir las necesidades específicas de cada persona""",167
https://portalinvestigacion.uniovi.es/investigadores/217965/detalle,MARIA MERCEDES GONZALEZ DE SANDE,LIDERA,proyecto Superhéroes,"""Asistirán Claudia García y la profesora María González, responsables del proyecto.""",167
https://portalinvestigacion.uniovi.es/investigadores/218998/detalle,CARLOS CABO GOMEZ,INVESTIGA_SOBRE,seguimiento de fauna en parques eólicos,"Carlos Cabo, otro de los investigadores principales del proyecto, subraya la necesidad de mejorar los seguimientos de fauna siniestrada en los parques eólicos.",169
https://portalinvestigacion.uniovi.es/investigadores/217051/detalle,MARIA PAULA FERNANDEZ GARCIA,INVESTIGA_SOBRE,perspectiva de género,cada participante explica su línea de investigación y su contribución al avance del conocimiento en materia de igualdad y género.,173
https://portalinvestigacion.uniovi.es/investigadores/217047/detalle,CARMEN MARIA FERNANDEZ GARCIA,INVESTIGA_SOBRE,perspectiva de género,cada participante explica su línea de investigación y su contribución al avance del conocimiento en materia de igualdad y género.,173
https://portalinvestigacion.uniovi.es/investigadores/1301773/detalle,ANDREA FERNANDEZ GARCÍA,INVESTIGA_SOBRE,"maternidad, género y familia",la incorporación de la perspectiva de género en las disciplinas STEM.,173
https://portalinvestigacion.uniovi.es/investigadores/218869/detalle,MARIA FERNANDEZ GARCIA,INVESTIGA_SOBRE,perspectiva de género,cada participante explica su línea de investigación y su contribución al avance del conocimiento en materia de igualdad y género.,173
https://portalinvestigacion.uniovi.es/investigadores/217783/detalle,ALEJANDRO LOPEZ SOTO,LIDERA,poesía festiva de José Iglesias de la Casa,La obra galardonada analiza la poesía festiva de José Iglesias de la Casa.,175
https://portalinvestigacion.uniovi.es/investigadores/2237794/detalle,DAVID FERNANDEZ VIVERO,LIDERA,biomarcadores de adaptación al entrenamiento,"El trabajo, publicado en Scandinavian Journal of Medicine & Science in Sports, ha sido liderado por el grupo de investigación Intervenciones Traslacionales para la Salud de la Universidad de Oviedo.",176
https://portalinvestigacion.uniovi.es/investigadores/217641/detalle,EDUARDO IGLESIAS GUTIERREZ,COLABORA_EN,investigación sobre microRNA,"Los autores subrayan que, aunque los resultados son prometedores, el reducido número de participantes, todos varones, constituyen limitaciones importantes.",176
https://portalinvestigacion.uniovi.es/investigadores/1095853/detalle,MANUEL FERNANDEZ SANJURJO,COLABORA_EN,investigación sobre microRNA,"Los autores subrayan que, aunque los resultados son prometedores, el reducido número de participantes, todos varones, constituyen limitaciones importantes.",176
https://portalinvestigacion.uniovi.es/investigadores/217079/detalle,MARIA BEGOÑA CUETO IGLESIAS,LIDERA,modelo estadístico,"dirigida por la catedrática de Economía Aplicada, Begoña Cueto",179
https://portalinvestigacion.uniovi.es/investigadores/218362/detalle,CESAR RODRIGUEZ GUTIERREZ,COLABORA_EN,modelo estadístico,"con la participación de los investigadores Juan Francisco Canal, Matías Mayor y César Rodríguez.",179
https://portalinvestigacion.uniovi.es/investigadores/218284/detalle,MATIAS MAYOR FERNANDEZ,COLABORA_EN,modelo estadístico,"con la participación de los investigadores Juan Francisco Canal, Matías Mayor y César Rodríguez.",179
https://portalinvestigacion.uniovi.es/investigadores/216972/detalle,JUAN FRANCISCO CANAL DOMINGUEZ,COLABORA_EN,modelo estadístico,"con la participación de los investigadores Juan Francisco Canal, Matías Mayor y César Rodríguez.",179
https://portalinvestigacion.uniovi.es/investigadores/1283427/detalle,SARA SUAREZ FERNANDEZ,LIDERA,Olimpiada Asturiana de Geología,"la lista de 10 finalistas estuvo liderada por Coral Garrido García, del IES Padre Feijóo.",181
https://portalinvestigacion.uniovi.es/investigadores/216992/detalle,EDUARDO CIRES RODRIGUEZ,COLABORA_EN,biodiversidad fúngica,La incorporación de este fondo refuerza el valor del herbario como infraestructura estratégica para la investigación.,186
https://portalinvestigacion.uniovi.es/investigadores/216992/detalle,EDUARDO CIRES RODRIGUEZ,DESARROLLA,estudios taxonómicos,"El tratamiento, catalogación y digitalización progresiva de estos materiales permitirá que estén disponibles para estudios taxonómicos.",186
https://portalinvestigacion.uniovi.es/investigadores/216992/detalle,EDUARDO CIRES RODRIGUEZ,DESARROLLA,cambio global,"Los pliegos documentan con rigor científico la biodiversidad fúngica del norte peninsular y constituyen una fuente clave para estudios taxonómicos, biogeográficos y de cambio global.",186
https://portalinvestigacion.uniovi.es/investigadores/219310/detalle,EMMA ZAPICO FERNANDEZ,COLABORA_EN,proyecto ESPARDE,Emma Zapico es mencionada como parte del equipo de investigación del proyecto ESPARDE.,188
https://portalinvestigacion.uniovi.es/investigadores/218038/detalle,ANA BELEN RAMOS GUAJARDO,COLABORA_EN,proyecto ESPARDE,Ana Belén Ramos es mencionada como parte del equipo de investigación del proyecto ESPARDE.,188
https://portalinvestigacion.uniovi.es/investigadores/216996/detalle,ARTURO COLINA VUELTA,COLABORA_EN,proyecto ESPARDE,Arturo Colina Vuelta es mencionado como parte del equipo de investigación del proyecto ESPARDE.,188
https://portalinvestigacion.uniovi.es/investigadores/219668/detalle,FERNANDO RUBIERA MOROLLON,LIDERA,Cátedra de Innovación,"el equipo de investigación de la Cátedra, dirigida por el catedrático de Economía Aplicada Fernando Rubiera",191
https://portalinvestigacion.uniovi.es/investigadores/219278/detalle,NOELIA RICO PACHON,DESARROLLA,aplicación para la gestión de licencias urbanísticas,"Noelia Rico, directora del ceiSIA, ha presentado hoy esta aplicación, que está prácticamente finalizada.",192
https://portalinvestigacion.uniovi.es/investigadores/218896/detalle,MIGUEL ENRIQUE DEL VALLE SOTO,COLABORA_EN,lesiones inguinales deportivas,"""este nuevo metaanálisis global valida la necesidad de priorizar programas de fuerza específicos para esta musculatura"".",194
https://portalinvestigacion.uniovi.es/investigadores/218048/detalle,HUGO OLMEDILLAS FERNANDEZ,INVESTIGA_SOBRE,lesiones inguinales deportivas,"""los hallazgos, que muestran una consistencia clara tanto en niveles de élite como en el deporte amateur"".",194
https://portalinvestigacion.uniovi.es/investigadores/217124/detalle,SUSANA IRENE DIAZ RODRIGUEZ,COLABORA_EN,visibilización de la contribución de las mujeres en la investigación,64 investigadoras de la Universidad de Oviedo se suman a la conmemoración del Día Internacional de la Mujer y la Niña en la Ciencia.,199
https://portalinvestigacion.uniovi.es/investigadores/217363/detalle,ANA ISABEL GONZALEZ GONZALEZ,INVESTIGA_SOBRE,Derecho Financiero y Tributario,"Ana Isabel González, catedrática de Escuela de Derecho Financiero y Tributario de la Universidad de Oviedo.",204
https://portalinvestigacion.uniovi.es/investigadores/216782/detalle,PEDRO ALVAREZ ALVAREZ,LIDERA,diversidad de hongos en raíces de roble albar,Los investigadores descubren que los árboles que reciben menos luz y compiten por recursos albergan las comunidades más ricas.,207
https://portalinvestigacion.uniovi.es/investigadores/216782/detalle,PEDRO ALVAREZ ALVAREZ,INVESTIGA_SOBRE,"diversidad taxonómica, funcional y ecológica de hongos","El estudio, realizado en colaboración con especialistas de ixCelium (Ruislip, Londres) y de las universidades de Granada y Santiago de Compostela, analiza por primera vez de forma conjunta la diversidad taxonómica, funcional y ecológica de los hongos presentes en los sistemas radicales de esta especie forestal emblemática.",207
https://portalinvestigacion.uniovi.es/investigadores/216782/detalle,PEDRO ALVAREZ ALVAREZ,DESARROLLA,técnicas de metabarcoding de ADN,"Mediante el uso de técnicas de metabarcoding de ADN (secuenciación masiva) combinadas con análisis histológicos tradicionales, los investigadores identificaron un total de 1.043 variantes genéticas.",207
https://portalinvestigacion.uniovi.es/investigadores/219298/detalle,IGNACIO RODRIGUEZ,LIDERA,proyectos de investigación,los equipos de la Universidad de Oviedo forman parte de dos de los cinco consorcios que han logrado ayudas. Los proyectos están liderados por Ignacio Rodríguez Larrad.,211
https://portalinvestigacion.uniovi.es/investigadores/218208/detalle,ANGEL NAVARRO RODRIGUEZ,LIDERA,proyectos de investigación,los equipos de la Universidad de Oviedo forman parte de dos de los cinco consorcios que han logrado ayudas. Los proyectos están liderados por Eduardo Álvarez Álvarez.,211
https://portalinvestigacion.uniovi.es/investigadores/219680/detalle,DANIEL FERNANDEZ ALVAREZ,COLABORA_EN,convocatoria de Redes,la Universidad de Oviedo ha obtenido financiación para diez de los doce proyectos aprobados en el Principado.,211
https://portalinvestigacion.uniovi.es/investigadores/219685/detalle,ALVARO FERNANDEZ VAQUERO,COLABORA_EN,convocatoria de Redes,la Universidad de Oviedo ha obtenido financiación para diez de los doce proyectos aprobados en el Principado.,211
https://portalinvestigacion.uniovi.es/investigadores/219112/detalle,DANIEL FERNANDEZ LANVIN,COLABORA_EN,convocatoria de Redes,la Universidad de Oviedo ha obtenido financiación para diez de los doce proyectos aprobados en el Principado.,211
https://portalinvestigacion.uniovi.es/investigadores/217989/detalle,DAVID HEVIA SANCHEZ,COLABORA_EN,convocatoria de Redes,la Universidad de Oviedo ha obtenido financiación para diez de los doce proyectos aprobados en el Principado.,211
https://portalinvestigacion.uniovi.es/investigadores/219689/detalle,MARINA MARIA RAMOS MARTIN,COLABORA_EN,convocatoria de Margarita Salas,la Universidad de Oviedo ha obtenido cinco de las nueve ayudas concedidas en el conjunto de Asturias.,211
https://portalinvestigacion.uniovi.es/investigadores/218062/detalle,PAULA OULEGO BLANCO,LIDERA,convocatoria de Joven Investigo,la Universidad de Oviedo se ha alzado con 10 contratos (el máximo al que podía optar según la convocatoria) de los 33 que se han concedido.,211
https://portalinvestigacion.uniovi.es/investigadores/218421/detalle,ROBERTO SECADES VILLA,DESARROLLA,tratamientos para dejar de fumar,El Grupo de Conductas Adictivas impulsa dos programas innovadores para ayudar a dejar de fumar.,213
https://portalinvestigacion.uniovi.es/investigadores/1116432/detalle,LAYLA ALEMAN MOUSSA,DESARROLLA,tratamientos para dejar de fumar,El Grupo de Conductas Adictivas impulsa dos programas innovadores para ayudar a dejar de fumar.,213
https://portalinvestigacion.uniovi.es/investigadores/219646/detalle,SARA EVA WEIDBERG LOPEZ,DESARROLLA,tratamientos para dejar de fumar,El Grupo de Conductas Adictivas impulsa dos programas innovadores para ayudar a dejar de fumar.,213
https://portalinvestigacion.uniovi.es/investigadores/219607/detalle,ANGEL GARCIA PEREZ,DESARROLLA,tratamientos para dejar de fumar,El Grupo de Conductas Adictivas impulsa dos programas innovadores para ayudar a dejar de fumar.,213
https://portalinvestigacion.uniovi.es/investigadores/217966/detalle,ALBA GONZALEZ DE LA ROZ,DESARROLLA,tratamientos para dejar de fumar,El Grupo de Conductas Adictivas impulsa dos programas innovadores para ayudar a dejar de fumar.,213
https://portalinvestigacion.uniovi.es/investigadores/218756/detalle,NEREA LOPEZ BOUZAS,INVESTIGA_SOBRE,comunicación en personas con autismo,la tesis galardonada analiza el uso de un Entorno de Aprendizaje Gamificado y Aumentado (EGA) en la mejora de la comunicación del alumnado con TEA.,215
https://portalinvestigacion.uniovi.es/investigadores/218756/detalle,NEREA LOPEZ BOUZAS,DESARROLLA,Entorno de Aprendizaje Gamificado y Aumentado,"el entorno incorpora actividades lúdicas y recursos digitales que fomentan la interacción, el manejo del lenguaje y las habilidades socioemocionales.",215
https://portalinvestigacion.uniovi.es/investigadores/218756/detalle,NEREA LOPEZ BOUZAS,LIDERA,investigación sobre gamificación y realidad aumentada,"La investigación en este ámbito 'nos recuerda que cuando el conocimiento se pone al servicio de las personas, puede convertirse en una herramienta profundamente transformadora'.",215
https://portalinvestigacion.uniovi.es/investigadores/219562/detalle,MARIA PILAR GARCES GARCIA,INVESTIGA_SOBRE,pintura,"María Pilar García Cuetos, catedrática de Historia del Arte, destaca que 'si algo define la pintura de Paz Banciella, me atrevo a decir que es la vida y la evocación cósmica que nos trasmite'.",216
https://portalinvestigacion.uniovi.es/investigadores/217614/detalle,GERMAN FLOR BLANCO,INVESTIGA_SOBRE,evolución del estuario del Nalón,"""El estuario del Nalón ofrece una gran cantidad de información sobre los cambios naturales y antrópicos.""",217
https://portalinvestigacion.uniovi.es/investigadores/217438/detalle,EFREN GARCIA ORDIALES,INVESTIGA_SOBRE,contaminación antrópica en el estuario del Nalón,"""Hemos podido diferenciar la contaminación generada por la actividad humana de lo que sería un ambiente natural.""",217
https://portalinvestigacion.uniovi.es/investigadores/217465/detalle,EVA GARCIA VAZQUEZ,COLABORA_EN,divulgación científica,"Han participado en este encuentro Eva García Vázquez, catedrática de Genética de la Universidad de Oviedo y referente en proyectos de ciencia ciudadana.",222
https://portalinvestigacion.uniovi.es/investigadores/218181/detalle,LUIS JOSE RODRIGUEZ MUÑIZ,COLABORA_EN,divulgación científica,"Han participado en este encuentro Luis Rodríguez Muñiz, catedrático de Didáctica de la Matemática y vicepresidente de la Real Sociedad Matemática Española.",222
https://portalinvestigacion.uniovi.es/investigadores/218613/detalle,LUIGI TOFFOLATTI BALLARIN,COLABORA_EN,investigación astronómica,"Han intervenido Luigi Toffolatti, catedrático de Astrofísica de la Universidad de Oviedo y miembro de la colaboración internacional Planck de la Agencia Espacial Europea.",222
https://portalinvestigacion.uniovi.es/investigadores/218955/detalle,BARBARA ALVAREZ GONZALEZ,COLABORA_EN,igualdad de género y diversidad en STEM,"""Proyectos como GENERA-COPA permiten avanzar hacia una formación científica más inclusiva"".",226
https://portalinvestigacion.uniovi.es/investigadores/217800/detalle,YOLANDA LOZANO GOMEZ,COLABORA_EN,igualdad de género y diversidad en STEM,"""Proyectos como GENERA-COPA permiten avanzar hacia una formación científica más inclusiva"".",226
https://portalinvestigacion.uniovi.es/investigadores/218586/detalle,PEDRO MANUEL SUAREZ MARTINEZ,DESARROLLA,Cultura Clásica y Mundo Contemporáneo,Él se encarga de impartir el curso titulado Cultura Clásica y Mundo Contemporáneo.,228
https://portalinvestigacion.uniovi.es/investigadores/217767/detalle,JOSE MANUEL LOPEZ GARCIA,INVESTIGA_SOBRE,biomedicina,José Manuel López García imparte tres asignaturas relacionadas con la biomedicina desde hace ocho años.,228
https://portalinvestigacion.uniovi.es/investigadores/219226/detalle,SET PEREZ GONZALEZ,DESARROLLA,Matemáticas,"Set Pérez González, profesor de Matemática Aplicada, y Raquel Pérez Díaz, de Derecho Civil, se han sumado al programa recientemente.",228
https://portalinvestigacion.uniovi.es/investigadores/218121/detalle,RAQUEL PEREZ DIAZ,DESARROLLA,Derecho Civil,"La segunda, imparte Derecho Civil en Luarca y en Mieres desde el curso 2022-2023.",228
https://portalinvestigacion.uniovi.es/investigadores/217761/detalle,CARLOS LOPEZ FERNANDEZ,COLABORA_EN,red 5G,"El equipo responsable de esta nueva red está formado por los profesores de la institución académica Rafael González Ayestarán, Ignacio Rodríguez Larrad y Luis Fernando Herrán Ontañón.",230
https://portalinvestigacion.uniovi.es/investigadores/219298/detalle,IGNACIO RODRIGUEZ,COLABORA_EN,red 5G,"El equipo responsable de esta nueva red está formado por los profesores de la institución académica Rafael González Ayestarán, Ignacio Rodríguez Larrad y Luis Fernando Herrán Ontañón.",230
https://portalinvestigacion.uniovi.es/investigadores/217902/detalle,LUIS FERNANDO HERRAN ONTAÑON,COLABORA_EN,red 5G,"El equipo responsable de esta nueva red está formado por los profesores de la institución académica Rafael González Ayestarán, Ignacio Rodríguez Larrad y Luis Fernando Herrán Ontañón.",230
https://portalinvestigacion.uniovi.es/investigadores/217335/detalle,RAFAEL GONZALEZ AYESTARAN,COLABORA_EN,red 5G,"El equipo responsable de esta nueva red está formado por los profesores de la institución académica Rafael González Ayestarán, Ignacio Rodríguez Larrad y Luis Fernando Herrán Ontañón.",230
https://portalinvestigacion.uniovi.es/investigadores/217762/detalle,JESUS ALBERTO LOPEZ FERNANDEZ,COLABORA_EN,red 5G,"El equipo responsable de esta nueva red está formado por los profesores de la institución académica Rafael González Ayestarán, Ignacio Rodríguez Larrad y Luis Fernando Herrán Ontañón.",230
https://portalinvestigacion.uniovi.es/investigadores/217461/detalle,ALBA GARCIA TORRES,LIDERA,regulación del tiempo desde una perspectiva feminista,La profesora Alba García Torres ha sido reconocida por una investigación sobre la regulación del tiempo desde una perspectiva feminista.,234
https://portalinvestigacion.uniovi.es/investigadores/217461/detalle,ALBA GARCIA TORRES,INVESTIGA_SOBRE,invisibilización del trabajo reproductivo y de cuidados,poniendo el foco en la invisibilización histórica del trabajo reproductivo y de cuidados.,234
https://portalinvestigacion.uniovi.es/investigadores/217461/detalle,ALBA GARCIA TORRES,DESARROLLA,enfoque de derecho al tiempo,"propone un enfoque de derecho al tiempo que articule de forma equilibrada trabajo remunerado, los cuidados, el descanso y el ocio.",234
https://portalinvestigacion.uniovi.es/investigadores/216763/detalle,PABLO ALONSO GONZALEZ,LIDERA,proyecto TWISTOPTICS,...liderado por el profesor de la institución académica asturiana Pablo Alonso González y financiado por una ERC Consolidator Grant...,235
https://portalinvestigacion.uniovi.es/investigadores/1095859/detalle,AITANA TARAZAGA MARTIN-LUENGO,COLABORA_EN,nanoluz y polaritones,...el grupo de Nano-Óptica Cuántica encabeza un trabajo internacional que establece las bases para desarrollar dispositivos de comunicación y sensores de alta precisión.,235
https://portalinvestigacion.uniovi.es/investigadores/1116395/detalle,MARCOS MIÑARRO PRADO,COLABORA_EN,efecto de los pesticidas en abejas silvestres,"""el análisis global incorpora datos de 36 sistemas de cultivo diferentes. En nuestro caso, aportamos datos sobre la manzana de sidra de Asturias"".",236
https://portalinvestigacion.uniovi.es/investigadores/217405/detalle,DANIEL GARCIA GARCIA,COLABORA_EN,efecto de los pesticidas en abejas silvestres,"""un estudio internacional, en el que participan miembros del grupo de investigación de Biodiversidad y Servicios de los Ecosistemas (BESLab) de la Universidad de Oviedo y el SERIDA"".",236
https://portalinvestigacion.uniovi.es/investigadores/217921/detalle,RAQUEL MARIA GONZALEZ SOENGAS,INVESTIGA_SOBRE,impacto de los desastres naturales en la salud mental,María González García ha sido reconocida con el premio al mejor TFM gracias a su trabajo sobre el impacto de los desastres naturales en la salud mental de la población joven.,238
https://portalinvestigacion.uniovi.es/investigadores/217349/detalle,MARIA AIDA GONZALEZ DIAZ,INVESTIGA_SOBRE,tratamiento de enfermedades cardiovasculares,Aída Sotomayor Centeno y Raquel María González García han sido reconocidas por sus investigaciones sobre el tratamiento de enfermedades cardiovasculares en emergencias complejas.,238
https://portalinvestigacion.uniovi.es/investigadores/217837/detalle,DAVID MENENDEZ ALVAREZ-HEVIA,DESARROLLA,innovación educativa,...deben diseñar y desarrollar un proyecto de innovación educativa adaptado a la realidad del medio rural...,243
https://portalinvestigacion.uniovi.es/investigadores/219833/detalle,ALBA GONZALEZ SANZ,COLABORA_EN,La Regenta,"la investigadora y comisaria, Alba González Sanz, para la puesta en marcha de una muestra",245
https://portalinvestigacion.uniovi.es/investigadores/218207/detalle,ANTONIO NAVARRO MANSO,LIDERA,túnel de viento CRUE20-oWT,la construcción del túnel de viento CRUE20-oWT gracias a una beca de movilidad de excelencia.,246
https://portalinvestigacion.uniovi.es/investigadores/1116407/detalle,CARLOS RODRIGUEZ LUCAS,DESARROLLA,demostradores de aerodinámica,Carlos Rodríguez ha dado continuidad a ese trabajo al planificar y desarrollar varios ensayos en el túnel aerodinámico norteamericano.,246
https://portalinvestigacion.uniovi.es/investigadores/1116407/detalle,CARLOS RODRIGUEZ LUCAS,INVESTIGA_SOBRE,aerodinámica y aeroelasticidad,que acercan de forma directa la aerodinámica y la aeroelasticidad a estudiantes e investigadores.,246
https://portalinvestigacion.uniovi.es/investigadores/1116407/detalle,CARLOS RODRIGUEZ LUCAS,COLABORA_EN,proyecto estratégico de aerodinámica,La Universidad de Oviedo colabora con la Universidad de Princeton en un proyecto estratégico de aerodinámica.,246
https://portalinvestigacion.uniovi.es/investigadores/218267/detalle,SUSANA MONTES RODRIGUEZ,LIDERA,Escuela Internacional de Doctorado,"Susana Montes, directora de la Escuela Internacional de Doctorado.",248
https://portalinvestigacion.uniovi.es/investigadores/217882/detalle,ANA YOLANDA GUTIERREZ FERNANDEZ,INVESTIGA_SOBRE,cáncer,"""los avances logrados han sido posibles gracias a 'la visión y compromiso' de los profesores que impulsaron el proyecto.""",249
https://portalinvestigacion.uniovi.es/investigadores/218458/detalle,CARLOS MANUEL SUAREZ ALVAREZ,LIDERA,investigación en cáncer,"""subrayó el impacto que la institución ha tenido en su trayectoria profesional: 'El IUOPA me brindó la oportunidad de montar un laboratorio de investigación'""",249
https://portalinvestigacion.uniovi.es/investigadores/218886/detalle,DAVID ROIZ DEL VALLE,LIDERA,Biomedicina y Oncología Molecular,David Roiz del Valle ha defendido recientemente tesis doctoral en Biomedicina y Oncología Molecular.,251
https://portalinvestigacion.uniovi.es/investigadores/219253/detalle,ALEJANDRO PIÑEIRO UGALDE,COLABORA_EN,"Genomas, Cáncer y Envejecimiento","Actualmente, trabaja como investigador postdoctoral en el grupo de Genomas, Cáncer y Envejecimiento.",251
https://portalinvestigacion.uniovi.es/investigadores/218128/detalle,JOSE MARIA PEREZ FREIJE,COLABORA_EN,"Genomas, Cáncer y Envejecimiento","Actualmente, trabaja como investigador postdoctoral en el grupo de Genomas, Cáncer y Envejecimiento.",251
https://portalinvestigacion.uniovi.es/investigadores/1116395/detalle,MARCOS MIÑARRO PRADO,LIDERA,impacto de la fauna silvestre en cultivos,El proyecto BatBirdFruit ha analizado los efectos beneficiosos y los posibles impactos no deseados que estos animales silvestres generan en distintas plantaciones de la región.,252
https://portalinvestigacion.uniovi.es/investigadores/217405/detalle,DANIEL GARCIA GARCIA,COLABORA_EN,impacto de la fauna silvestre en cultivos,El equipo investigador ha estudiado cómo los animales silvestres ayudan a controlar las plagas de forma natural.,252
https://portalinvestigacion.uniovi.es/investigadores/219065/detalle,TERESA MORAN LOPEZ,COLABORA_EN,impacto de la fauna silvestre en cultivos,El equipo investigador ha estudiado cómo los animales silvestres ayudan a controlar las plagas de forma natural.,252
https://portalinvestigacion.uniovi.es/investigadores/217647/detalle,JUAN CARLOS ILLERA COBO,COLABORA_EN,impacto de la fauna silvestre en cultivos,El equipo investigador ha estudiado cómo los animales silvestres ayudan a controlar las plagas de forma natural.,252
https://portalinvestigacion.uniovi.es/investigadores/217647/detalle,JUAN CARLOS ILLERA COBO,INVESTIGA_SOBRE,control biológico de plagas,"determinadas especies de aves, murciélagos y arañas resultan especialmente beneficiosas para los agricultores, ya que ayudan a reducir la presencia de plagas de forma natural.",252
https://portalinvestigacion.uniovi.es/investigadores/1116395/detalle,MARCOS MIÑARRO PRADO,INVESTIGA_SOBRE,control biológico de plagas,"determinadas especies de aves, murciélagos y arañas resultan especialmente beneficiosas para los agricultores, ya que ayudan a reducir la presencia de plagas de forma natural.",252
https://portalinvestigacion.uniovi.es/investigadores/217405/detalle,DANIEL GARCIA GARCIA,INVESTIGA_SOBRE,control biológico de plagas,"determinadas especies de aves, murciélagos y arañas resultan especialmente beneficiosas para los agricultores, ya que ayudan a reducir la presencia de plagas de forma natural.",252
https://portalinvestigacion.uniovi.es/investigadores/219065/detalle,TERESA MORAN LOPEZ,INVESTIGA_SOBRE,control biológico de plagas,"determinadas especies de aves, murciélagos y arañas resultan especialmente beneficiosas para los agricultores, ya que ayudan a reducir la presencia de plagas de forma natural.",252
https://portalinvestigacion.uniovi.es/investigadores/217647/detalle,JUAN CARLOS ILLERA COBO,DESARROLLA,estrategias de manejo agrícola,lo que abre la puerta a nuevas estrategias de manejo para mitigar los daños que estos animales puedan causar sin comprometer los beneficios del control biológico.,252
https://portalinvestigacion.uniovi.es/investigadores/1116395/detalle,MARCOS MIÑARRO PRADO,DESARROLLA,estrategias de manejo agrícola,lo que abre la puerta a nuevas estrategias de manejo para mitigar los daños que estos animales puedan causar sin comprometer los beneficios del control biológico.,252
https://portalinvestigacion.uniovi.es/investigadores/217405/detalle,DANIEL GARCIA GARCIA,DESARROLLA,estrategias de manejo agrícola,lo que abre la puerta a nuevas estrategias de manejo para mitigar los daños que estos animales puedan causar sin comprometer los beneficios del control biológico.,252
https://portalinvestigacion.uniovi.es/investigadores/219065/detalle,TERESA MORAN LOPEZ,DESARROLLA,estrategias de manejo agrícola,lo que abre la puerta a nuevas estrategias de manejo para mitigar los daños que estos animales puedan causar sin comprometer los beneficios del control biológico.,252
https://portalinvestigacion.uniovi.es/investigadores/216929/detalle,DAVID ALVAREZ FERNANDEZ,INVESTIGA_SOBRE,cormorán moñudo,Nuestros resultados con el cormorán moñudo muestran como una parte de los jóvenes realiza una dispersión que puede alcanzar varios centenares de kilómetros.,253
https://portalinvestigacion.uniovi.es/investigadores/216929/detalle,DAVID ALVAREZ FERNANDEZ,INVESTIGA_SOBRE,paíño europeo,"Los datos muestran que los paíños presentan una distribución considerablemente más pelágica, alejada de la costa, durante las horas diurnas.",253
https://portalinvestigacion.uniovi.es/investigadores/216929/detalle,DAVID ALVAREZ FERNANDEZ,COLABORA_EN,proyecto CORMIÑOS,"CORMIÑOS, llevado a cabo entre 2022 y 2025 por la consultora CORY'S, en colaboración con David Álvarez, investigador del Departamento de Biología de Organismos y Sistemas de la Universidad de Oviedo.",253
https://portalinvestigacion.uniovi.es/investigadores/216902/detalle,ALBA ARDURA GUTIERREZ,LIDERA,conservación del desmán ibérico,"El proyecto AQUAMAM, liderado por la profesora de la Universidad de Oviedo Alba Ardura.",258
https://portalinvestigacion.uniovi.es/investigadores/2370664/detalle,SARA FERNANDEZ GARCIA,COLABORA_EN,conservación del desmán ibérico,"“AQUAMAM combina ciencia, tecnología y conservación, para reconectar nuestros ríos y proteger a una de las especies más singulares y sensibles de la fauna ibérica”, concluyen.",258
https://portalinvestigacion.uniovi.es/investigadores/217410/detalle,RAQUEL GARCIA GARCIA,COLABORA_EN,interculturalidad y educación,"El proyecto ‘Speaking from the Heart’, impulsado por las estudiantes Raquel Macía... ha sido clave.",259
https://portalinvestigacion.uniovi.es/investigadores/217490/detalle,SILVIA GOMEZ ANSON,COLABORA_EN,educación financiera,"El segundo día, en el Coworking Talud de la Ería, los equipos trabajaron con mentores para diseñar juegos educativos...",259
https://portalinvestigacion.uniovi.es/investigadores/218137/detalle,JOSE ANTONIO PEREZ MENDEZ,LIDERA,Sistema Universitario Español,"Agradeció el trabajo de los directores del estudio, Juan Hernández Armenteros (Universidad de Jaén) y José Antonio Pérez García (Universitat Politècnica de València)",263
https://portalinvestigacion.uniovi.es/investigadores/216966/detalle,TONI ROGER CAMPIONE,LIDERA,proyecto de investigación SMARTWAR,liderado por el catedrático de Filosofía del Derecho Roger Campione.,264
https://portalinvestigacion.uniovi.es/investigadores/217454/detalle,MARIA JOSE GARCIA SALGADO,COLABORA_EN,proyecto de investigación SMARTWAR,"han formado parte profesores de la Universidad de Oviedo, entidad beneficiaria del proyecto (Vicente Domínguez, María José García Salgado, Lucía Payero y Davide de Pietri)",264
https://portalinvestigacion.uniovi.es/investigadores/217928/detalle,JUAN MANUEL MARCHANTE GAYON,DESARROLLA,modificaciones de planes de estudio,Marchante ha explicado el objetivo de tales cambios es 'mantener una actualización constante de los planes de estudio'.,265
https://portalinvestigacion.uniovi.es/investigadores/2353845/detalle,SAMUEL PIS VIGIL,LIDERA,Secuenciación y análisis del genoma de Marteilia pararefringens,"El galardón reconoce su TFM, titulado Secuenciación y análisis del genoma de Marteilia pararefringens.",268
https://portalinvestigacion.uniovi.es/investigadores/2014345/detalle,ANTONIO GARCIA-BERNARDO TARTIERE,INVESTIGA_SOBRE,Claves transcriptómicas del envejecimiento,"Su trabajo premiado, titulado Claves transcriptómicas del envejecimiento, fue dirigido por los doctores José María Pérez Freije y David Roiz del Valle.",268
https://portalinvestigacion.uniovi.es/investigadores/217331/detalle,BEGOÑA FERNANDEZ PEREZ,LIDERA,materiales refractarios,"La cátedra será dirigida por Begoña Fernández, profesora titular del Departamento de Ciencia de los Materiales e Ingeniería Metalúrgica.",272
https://portalinvestigacion.uniovi.es/investigadores/218679/detalle,ALVARO RUBIO ORDOÑEZ,COLABORA_EN,materiales refractarios,"contará en su comisión de seguimiento con Álvaro Rubio, profesor titular del Departamento de Geología y experto en el análisis microestructural de materiales refractarios.",272
https://portalinvestigacion.uniovi.es/investigadores/218112/detalle,MIRIAM PERANDONES LOZANO,COLABORA_EN,La poética del Carnaval de Cádiz,Miriam Perandones coordinará el diálogo sobre La poética del Carnaval de Cádiz.,274
https://portalinvestigacion.uniovi.es/investigadores/218220/detalle,FAUSTINO JOSE NUÑEZ BATALLA,COLABORA_EN,flamenco,Faustino Núñez mantendrá un mano a mano con Marcelo de la Puebla.,274
https://portalinvestigacion.uniovi.es/investigadores/220157/detalle,MARIA ESTEBAN GARCIA,COLABORA_EN,décima-canción,María Esteban estará acompañada en el diálogo titulado Un traficante de rimas: la ruta décima-canción.,274
https://portalinvestigacion.uniovi.es/investigadores/217283/detalle,JOSE MIGUEL ARIAS BLANCO,LIDERA,Métodos de Investigación y Diagnóstico en Educación,Mencionado como profesor del área de Métodos de Investigación y Diagnóstico en Educación.,275
https://portalinvestigacion.uniovi.es/investigadores/218309/detalle,JORGE PISONERO CASTRO,COLABORA_EN,cáncer colorrectal,...los investigadores de la Universidad de Oviedo que han participado en el estudio son Jorge Pisonero...,277
https://portalinvestigacion.uniovi.es/investigadores/219264/detalle,ISABEL QUIROS GONZALEZ,DESARROLLA,método in vitro para identificar radicales libres en sangre,"el galardón fue para la investigadora Isabel Quirós, profesora del área de Biología Celular de la Universidad de Oviedo, por el desarrollo de un método in vitro para identificar radicales libres en sangre y su uso en diagnóstico de patologías.",278
https://portalinvestigacion.uniovi.es/investigadores/217922/detalle,SONIA GONZALEZ SOLARES,LIDERA,investigación en fisiología,"el premio ‘Da Vinci’ reconoció la trayectoria y la labor investigadora de Sonia González Solares, catedrática del área de Fisiología de la Universidad de Oviedo.",278
https://portalinvestigacion.uniovi.es/investigadores/1010273/detalle,IRENE DIAZ MARTINEZ,COLABORA_EN,investigación universitaria,"Irene Díaz Martínez, participa en la Comisión Sectorial de Crue I+D+i.",280
https://portalinvestigacion.uniovi.es/investigadores/217756/detalle,JOSE ANTONIO LOPEZ CEREZO,LIDERA,Cátedra de Cultura Científica,"José Antonio López Cerezo, catedrático de Lógica y Filosofía de la Ciencia e integrante del grupo de investigación de Estudios Sociales de la Ciencia (CTS), será el director.",290
https://portalinvestigacion.uniovi.es/investigadores/217768/detalle,FERNANDO LOPEZ GAYARRE,LIDERA,Sostenibilidad del Hormigón,"impartida por Fernando López Gayarre, Catedrático de Ingeniería de la Construcción (Universidad de Oviedo)",292
https://portalinvestigacion.uniovi.es/investigadores/218062/detalle,PAULA OULEGO BLANCO,DESARROLLA,Compostaje urbano,impartido por la profesora Paula Oulego y por el ingeniero químico Martín Carreño.,292
https://portalinvestigacion.uniovi.es/investigadores/1301692/detalle,MARIA CELENZA,COLABORA_EN,fraude alimentario en invertebrados marinos,"María Celenza, investigadora predoctoral implicada en el mismo.",294
https://portalinvestigacion.uniovi.es/investigadores/216842/detalle,YAISEL JUAN BORRELL PICHS,LIDERA,fraude alimentario en invertebrados marinos,"Yaisel Borrell Pich, catedrático de Genética e investigador principal del proyecto.",294
https://portalinvestigacion.uniovi.es/investigadores/216988/detalle,ROSA MARIA CID LOPEZ,COLABORA_EN,promoción de la igualdad y lucha contra la violencia de género,...impulsoras de un proyecto clave en la promoción de la igualdad y la lucha contra la violencia de género...,297
https://portalinvestigacion.uniovi.es/investigadores/217235/detalle,MARIA ISABEL CARRERA SUAREZ,COLABORA_EN,promoción de la igualdad y lucha contra la violencia de género,...impulsoras de un proyecto clave en la promoción de la igualdad y la lucha contra la violencia de género...,297
https://portalinvestigacion.uniovi.es/investigadores/2355223/detalle,ALFONSO ORTEGA DE LA PUENTE,COLABORA_EN,Máster de Abogacía y Procura,"El Grupo de Trabajo sobre la revisión del modelo actual de Másteres en Abogacía y Procura, integrado por Alfonso Ortega de la Puente.",298
https://portalinvestigacion.uniovi.es/investigadores/218636/detalle,ROSA MARIA SAINZ MENENDEZ,LIDERA,conocimiento del cáncer,Ciencia con impacto: la contribución del IUOPA al conocimiento del cáncer.,299
https://portalinvestigacion.uniovi.es/investigadores/219413/detalle,PEDRO GONZALEZ MENENDEZ,LIDERA,biología,El viaje de un glóbulo rojo: de la médula ósea a la sangre.,299
https://portalinvestigacion.uniovi.es/investigadores/1301754/detalle,PALOMA SANCHEZ BROCH,LIDERA,historia medieval,Una aldea de la Asturias medieval.,299
https://portalinvestigacion.uniovi.es/investigadores/217052/detalle,MARIA PAZ FERNANDEZ GARCIA,COLABORA_EN,Semana de la Ciencia,María Paz Fernández García es parte de un grupo de investigadores que participan en la Semana de la Ciencia.,299
https://portalinvestigacion.uniovi.es/investigadores/217044/detalle,BEATRIZ FERNANDEZ GARCIA,COLABORA_EN,Semana de la Ciencia,Beatriz Fernández García es parte de los investigadores que participan en la Semana de la Ciencia.,299
https://portalinvestigacion.uniovi.es/investigadores/217046/detalle,CARLOS FERNANDEZ GARCIA,COLABORA_EN,Semana de la Ciencia,Carlos Fernández García es parte de los investigadores que participan en la Semana de la Ciencia.,299
https://portalinvestigacion.uniovi.es/investigadores/219670/detalle,JESUS RUIZ FERNANDEZ,LIDERA,Antártida,La Antártida: el continente sin dueño.,299
https://portalinvestigacion.uniovi.es/investigadores/217882/detalle,ANA YOLANDA GUTIERREZ FERNANDEZ,COLABORA_EN,Semana de la Ciencia,Ana Yolanda Gutiérrez Fernández es parte de los investigadores que participan en la Semana de la Ciencia.,299
https://portalinvestigacion.uniovi.es/investigadores/217053/detalle,MIGUEL FERNANDEZ GARCIA,COLABORA_EN,Semana de la Ciencia,Miguel Fernández García es parte de los investigadores que participan en la Semana de la Ciencia.,299
https://portalinvestigacion.uniovi.es/investigadores/218648/detalle,OSCAR RODRIGUEZ PRIETO,LIDERA,Cátedra Universitaria de Demografía,"Óscar Rodríguez Buznego, profesor del Departamento de Sociología, que asume la dirección de la cátedra.",300
https://portalinvestigacion.uniovi.es/investigadores/217348/detalle,MANUEL GONZALEZ DIAZ,LIDERA,Cátedra de Emprendimiento,"el informe, dirigido por los profesores Manuel González y Vanesa Solís",301
https://portalinvestigacion.uniovi.es/investigadores/219642/detalle,VANESA AGUSTINA SOLIS RODRIGUEZ,LIDERA,Informe GEM,"el informe, dirigido por los profesores Manuel González y Vanesa Solís",301
